semester,obtained_marks,total_marks,credits,cumulative_credits,cumulative_obtained,cumulative_total,marks_per_credit,percentage,final_cgpa
1,420,500,19,19,420,500,22.105263157894736,84.0,7.2
2,371,500,20,39,791,1000,20.28205128205128,79.10000000000001,7.8
3,400,600,22,61,1191,1600,19.524590163934427,74.4375,8.1
4,350,450,18,79,1541,2050,19.50632911392405,75.17073170731707,7.9
5,430,500,21,100,1971,2550,19.71,77.29411764705883,8.3
6,480,550,20,120,2451,3100,20.425,79.06451612903226,8.6
